id,first_name,last_name,email,gender
1,Kevin,Scott,kscott0@japanpost.jp,Male
2,Fred,Moore,fmoore1@geocities.com,Male
3,Teresa,Lane,tlane2@4shared.com,Female
4,Teresa,Morgan,tmorgan3@issuu.com,Female
5,Andrew,Dunn,adunn4@pinterest.com,Male
6,Christine,Morris,cmorris5@google.com,Female
7,Shawn,Washington,swashington6@wisc.edu,Male
8,Eugene,Fisher,efisher7@technorati.com,Male
9,Ruth,Fuller,rfuller8@mapy.cz,Female
10,Daniel,Long,dlong9@google.com,Male
11,Teresa,Woods,twoodsa@dropbox.com,Female
12,Katherine,Armstrong,karmstrongb@army.mil,Female
13,Rebecca,Spencer,rspencerc@china.com.cn,Female
14,Mark,Watkins,mwatkinsd@shareasale.com,Male
15,Phillip,Perez,ppereze@fastcompany.com,Male
16,Nicole,Gonzales,ngonzalesf@wufoo.com,Female
17,Andrea,Black,ablackg@google.com.br,Female
18,Ann,Ross,arossh@jugem.jp,Female
19,Keith,Wood,kwoodi@arizona.edu,Male
20,Dorothy,Wheeler,dwheelerj@mozilla.com,Female
21,Peter,Garza,pgarzak@un.org,Male
22,Michelle,Hudson,mhudsonl@tinypic.com,Female
23,Joshua,Ramirez,jramirezm@vimeo.com,Male
24,Tina,Berry,tberryn@printfriendly.com,Female
25,Alice,Harvey,aharveyo@g.co,Female
26,Carlos,Hughes,chughesp@cbslocal.com,Male
27,Teresa,Carroll,tcarrollq@harvard.edu,Female
28,Tina,Fernandez,tfernandezr@surveymonkey.com,Female
29,Amy,Elliott,aelliotts@twitpic.com,Female
30,Alan,Harrison,aharrisont@businessweek.com,Male
31,Harold,Mccoy,hmccoyu@joomla.org,Male
32,Alice,Powell,apowellv@jiathis.com,Female
33,Jane,Wood,jwoodw@arstechnica.com,Female
34,Irene,Spencer,ispencerx@mashable.com,Female
35,Jose,Harrison,jharrisony@jimdo.com,Male
36,Tina,Ross,trossz@tuttocitta.it,Female
37,Sean,James,sjames10@hexun.com,Male
38,Robin,Diaz,rdiaz11@earthlink.net,Female
39,Samuel,Hansen,shansen12@barnesandnoble.com,Male
40,Sara,Parker,sparker13@google.nl,Female
41,Theresa,Ortiz,tortiz14@csmonitor.com,Female
42,Christina,Stephens,cstephens15@ed.gov,Female
43,Diane,Dixon,ddixon16@infoseek.co.jp,Female
44,Matthew,Flores,mflores17@mapy.cz,Male
45,Albert,Woods,awoods18@oakley.com,Male
46,Patricia,Nguyen,pnguyen19@drupal.org,Female
47,Lawrence,Henderson,lhenderson1a@europa.eu,Male
48,Joshua,Graham,jgraham1b@livejournal.com,Male
49,Kelly,Olson,kolson1c@smh.com.au,Female
50,Sarah,Larson,slarson1d@answers.com,Female
51,Jessica,Grant,jgrant1e@independent.co.uk,Female
52,Brandon,Sanders,bsanders1f@sitemeter.com,Male
53,Aaron,Oliver,aoliver1g@oakley.com,Male
54,Willie,Lynch,wlynch1h@lycos.com,Male
55,Harry,Day,hday1i@usnews.com,Male
56,Christine,Wallace,cwallace1j@weather.com,Female
57,Chris,Ross,cross1k@businessweek.com,Male
58,Frank,Chapman,fchapman1l@homestead.com,Male
59,Arthur,Dunn,adunn1m@etsy.com,Male
60,Gregory,White,gwhite1n@miitbeian.gov.cn,Male
61,Jerry,Powell,jpowell1o@hc360.com,Male
62,Wanda,Stone,wstone1p@buzzfeed.com,Female
63,Jack,James,jjames1q@altervista.org,Male
64,Cynthia,Watkins,cwatkins1r@usa.gov,Female
65,Catherine,Snyder,csnyder1s@multiply.com,Female
66,Arthur,George,ageorge1t@blogger.com,Male
67,Martha,Morris,mmorris1u@friendfeed.com,Female
68,Virginia,Hughes,vhughes1v@imageshack.us,Female
69,Ronald,Little,rlittle1w@mapy.cz,Male
70,Denise,Young,dyoung1x@wired.com,Female
71,Carl,Edwards,cedwards1y@google.de,Male
72,Earl,Simmons,esimmons1z@ebay.com,Male
73,Gary,Turner,gturner20@bizjournals.com,Male
74,Jennifer,Scott,jscott21@nhs.uk,Female
75,Kathleen,Chapman,kchapman22@bbb.org,Female
76,Kathy,Stone,kstone23@google.ru,Female
77,Sean,Watson,swatson24@g.co,Male
78,Nicole,Long,nlong25@goo.gl,Female
79,Bruce,Wallace,bwallace26@themeforest.net,Male
80,Kelly,Garcia,kgarcia27@flickr.com,Female
81,Charles,Reed,creed28@facebook.com,Male
82,Lawrence,Cunningham,lcunningham29@unicef.org,Male
83,Craig,Duncan,cduncan2a@accuweather.com,Male
84,Edward,Vasquez,evasquez2b@europa.eu,Male
85,Jack,Owens,jowens2c@webmd.com,Male
86,Gerald,Schmidt,gschmidt2d@vimeo.com,Male
87,Kevin,Mills,kmills2e@berkeley.edu,Male
88,Judy,Wright,jwright2f@sphinn.com,Female
89,Todd,Castillo,tcastillo2g@omniture.com,Male
90,Cheryl,Franklin,cfranklin2h@biblegateway.com,Female
91,Catherine,Flores,cflores2i@unc.edu,Female
92,Jesse,Bell,jbell2j@cisco.com,Male
93,Joan,Palmer,jpalmer2k@naver.com,Female
94,Ruth,Washington,rwashington2l@google.ca,Female
95,Clarence,Young,cyoung2m@usatoday.com,Male
96,Gregory,Baker,gbaker2n@apache.org,Male
97,Shawn,Ryan,sryan2o@craigslist.org,Male
98,Diana,Gibson,dgibson2p@ycombinator.com,Female
99,Jeremy,Hughes,jhughes2q@cmu.edu,Male
100,Andrea,Stewart,astewart2r@printfriendly.com,Female
101,Henry,Cunningham,hcunningham2s@wp.com,Male
102,Betty,Johnson,bjohnson2t@dot.gov,Female
103,Terry,Meyer,tmeyer2u@skyrock.com,Male
104,Adam,Ryan,aryan2v@sciencedaily.com,Male
105,Donna,Robertson,drobertson2w@goo.gl,Female
106,Dennis,Andrews,dandrews2x@constantcontact.com,Male
107,Judy,Fields,jfields2y@reddit.com,Female
108,Pamela,Robinson,probinson2z@army.mil,Female
109,Chris,Cunningham,ccunningham30@tinyurl.com,Male
110,Diana,Wilson,dwilson31@virginia.edu,Female
111,Paula,Fox,pfox32@flavors.me,Female
112,Lois,Lee,llee33@eventbrite.com,Female
113,Samuel,Romero,sromero34@usatoday.com,Male
114,Karen,Hart,khart35@phoca.cz,Female
115,Rachel,Wallace,rwallace36@1688.com,Female
116,Lawrence,Cook,lcook37@census.gov,Male
117,Shirley,Edwards,sedwards38@dion.ne.jp,Female
118,Johnny,Martin,jmartin39@amazon.co.uk,Male
119,Brandon,Palmer,bpalmer3a@prweb.com,Male
120,Betty,Cole,bcole3b@cargocollective.com,Female
121,Nicholas,Morgan,nmorgan3c@shareasale.com,Male
122,Teresa,Cole,tcole3d@dedecms.com,Female
123,Elizabeth,Wheeler,ewheeler3e@apache.org,Female
124,Robin,Sullivan,rsullivan3f@live.com,Female
125,Ronald,Hudson,rhudson3g@rambler.ru,Male
126,Anne,Porter,aporter3h@shutterfly.com,Female
127,Emily,Ford,eford3i@bizjournals.com,Female
128,Michael,Cruz,mcruz3j@disqus.com,Male
129,Joyce,Peterson,jpeterson3k@washington.edu,Female
130,Gerald,Stevens,gstevens3l@elegantthemes.com,Male
131,Donald,Carpenter,dcarpenter3m@businessinsider.com,Male
132,Norma,Fields,nfields3n@parallels.com,Female
133,Paul,Ferguson,pferguson3o@miibeian.gov.cn,Male
134,Brian,Gomez,bgomez3p@dot.gov,Male
135,Jeffrey,Ramos,jramos3q@ycombinator.com,Male
136,Martha,Kennedy,mkennedy3r@ftc.gov,Female
137,Nancy,Butler,nbutler3s@time.com,Female
138,Tina,Martinez,tmartinez3t@cocolog-nifty.com,Female
139,Gregory,Burke,gburke3u@ihg.com,Male
140,William,Bradley,wbradley3v@hao123.com,Male
141,Antonio,Ross,aross3w@va.gov,Male
142,Christina,Wilson,cwilson3x@disqus.com,Female
143,Anne,Bradley,abradley3y@de.vu,Female
144,Barbara,Davis,bdavis3z@free.fr,Female
145,Alan,Gordon,agordon40@php.net,Male
146,Christine,Chavez,cchavez41@goo.gl,Female
147,Heather,Matthews,hmatthews42@addtoany.com,Female
148,Charles,Riley,criley43@typepad.com,Male
149,Joe,Green,jgreen44@homestead.com,Male
150,Wanda,Stanley,wstanley45@mediafire.com,Female
151,Henry,Kim,hkim46@techcrunch.com,Male
152,Catherine,Williams,cwilliams47@stumbleupon.com,Female
153,Judith,Jones,jjones48@fema.gov,Female
154,Susan,Ramos,sramos49@apple.com,Female
155,Terry,Chavez,tchavez4a@bloglines.com,Male
156,Anne,Brooks,abrooks4b@trellian.com,Female
157,Craig,Fisher,cfisher4c@reference.com,Male
158,Jesse,Reed,jreed4d@hao123.com,Male
159,David,Mills,dmills4e@ftc.gov,Male
160,Margaret,Morris,mmorris4f@tuttocitta.it,Female
161,Gerald,Peterson,gpeterson4g@meetup.com,Male
162,Sara,Parker,sparker4h@webeden.co.uk,Female
163,Denise,Sanchez,dsanchez4i@multiply.com,Female
164,Nicole,Cruz,ncruz4j@dmoz.org,Female
165,Susan,Parker,sparker4k@dell.com,Female
166,Deborah,Anderson,danderson4l@rakuten.co.jp,Female
167,Donald,Mitchell,dmitchell4m@fda.gov,Male
168,Betty,Lawrence,blawrence4n@amazon.co.jp,Female
169,Douglas,Moreno,dmoreno4o@unesco.org,Male
170,Donald,Brown,dbrown4p@addtoany.com,Male
171,Willie,Edwards,wedwards4q@issuu.com,Male
172,Margaret,Reynolds,mreynolds4r@nydailynews.com,Female
173,Frances,Sanchez,fsanchez4s@rambler.ru,Female
174,Diana,Nelson,dnelson4t@senate.gov,Female
175,Teresa,Dunn,tdunn4u@toplist.cz,Female
176,Kimberly,Stanley,kstanley4v@cnet.com,Female
177,Keith,Reed,kreed4w@blinklist.com,Male
178,Amy,Knight,aknight4x@stumbleupon.com,Female
179,Carol,Simmons,csimmons4y@fema.gov,Female
180,Laura,Holmes,lholmes4z@census.gov,Female
181,Ashley,Ramirez,aramirez50@reddit.com,Female
182,Catherine,Lawrence,clawrence51@ucoz.ru,Female
183,Timothy,Hart,thart52@amazon.co.uk,Male
184,Amy,Watson,awatson53@myspace.com,Female
185,Billy,Meyer,bmeyer54@fda.gov,Male
186,Joyce,Mcdonald,jmcdonald55@si.edu,Female
187,Howard,Garrett,hgarrett56@google.ru,Male
188,Shirley,Miller,smiller57@zimbio.com,Female
189,Walter,Lee,wlee58@cam.ac.uk,Male
190,Chris,Gomez,cgomez59@symantec.com,Male
191,Ralph,Diaz,rdiaz5a@vinaora.com,Male
192,Harold,Ramirez,hramirez5b@mapquest.com,Male
193,Jessica,Barnes,jbarnes5c@go.com,Female
194,Robin,Mendoza,rmendoza5d@bandcamp.com,Female
195,Ronald,Nelson,rnelson5e@cdbaby.com,Male
196,Lisa,Myers,lmyers5f@zdnet.com,Female
197,Todd,Weaver,tweaver5g@icio.us,Male
198,Kimberly,Lewis,klewis5h@de.vu,Female
199,Karen,Chapman,kchapman5i@mozilla.com,Female
200,Carl,Anderson,canderson5j@constantcontact.com,Male
201,Aaron,Frazier,afrazier5k@engadget.com,Male
202,Joyce,Nguyen,jnguyen5l@ehow.com,Female
203,Gloria,Martin,gmartin5m@webnode.com,Female
204,James,Bryant,jbryant5n@dion.ne.jp,Male
205,James,Nelson,jnelson5o@chron.com,Male
206,Fred,Torres,ftorres5p@guardian.co.uk,Male
207,Theresa,Richards,trichards5q@trellian.com,Female
208,Emily,Scott,escott5r@wufoo.com,Female
209,Robin,Morris,rmorris5s@state.gov,Female
210,Shirley,Lewis,slewis5t@360.cn,Female
211,Helen,Garcia,hgarcia5u@newyorker.com,Female
212,Tammy,Foster,tfoster5v@washington.edu,Female
213,Karen,Collins,kcollins5w@auda.org.au,Female
214,Earl,Powell,epowell5x@arizona.edu,Male
215,Helen,Wright,hwright5y@jigsy.com,Female
216,Lillian,Hicks,lhicks5z@wufoo.com,Female
217,Angela,Holmes,aholmes60@amazon.co.uk,Female
218,Dennis,Jackson,djackson61@printfriendly.com,Male
219,Benjamin,Chavez,bchavez62@joomla.org,Male
220,Lois,Patterson,lpatterson63@ovh.net,Female
221,Ruth,Pierce,rpierce64@nsw.gov.au,Female
222,Deborah,Morris,dmorris65@loc.gov,Female
223,Kenneth,Taylor,ktaylor66@trellian.com,Male
224,Kenneth,Kennedy,kkennedy67@multiply.com,Male
225,Annie,Ortiz,aortiz68@addthis.com,Female
226,Ashley,Sullivan,asullivan69@comsenz.com,Female
227,Ronald,Campbell,rcampbell6a@answers.com,Male
228,Richard,Fowler,rfowler6b@smh.com.au,Male
229,Kathryn,Willis,kwillis6c@ted.com,Female
230,Ernest,Scott,escott6d@fastcompany.com,Male
231,Jack,Dunn,jdunn6e@sina.com.cn,Male
232,Judith,Lewis,jlewis6f@gov.uk,Female
233,Andrew,Bryant,abryant6g@sciencedirect.com,Male
234,Sean,Weaver,sweaver6h@google.com.hk,Male
235,Lois,Sanders,lsanders6i@wisc.edu,Female
236,Cheryl,Stanley,cstanley6j@intel.com,Female
237,Terry,Peters,tpeters6k@hexun.com,Male
238,Christine,Henderson,chenderson6l@ebay.com,Female
239,Margaret,Greene,mgreene6m@eepurl.com,Female
240,Louis,Welch,lwelch6n@taobao.com,Male
241,Marilyn,Gomez,mgomez6o@state.tx.us,Female
242,Carolyn,Adams,cadams6p@chron.com,Female
243,Carl,Carroll,ccarroll6q@furl.net,Male
244,Catherine,Holmes,cholmes6r@elpais.com,Female
245,Teresa,Cunningham,tcunningham6s@tumblr.com,Female
246,Phillip,Washington,pwashington6t@bloomberg.com,Male
247,Lisa,Tucker,ltucker6u@youtube.com,Female
248,Gerald,Hunter,ghunter6v@unicef.org,Male
249,Sean,Hughes,shughes6w@google.it,Male
250,Teresa,Peterson,tpeterson6x@php.net,Female
251,Wanda,Wright,wwright6y@toplist.cz,Female
252,Mildred,Baker,mbaker6z@hhs.gov,Female
253,Jennifer,Henry,jhenry70@unblog.fr,Female
254,Wayne,Olson,wolson71@t.co,Male
255,Jose,Burns,jburns72@ycombinator.com,Male
256,Scott,Rodriguez,srodriguez73@mapy.cz,Male
257,Sandra,Franklin,sfranklin74@illinois.edu,Female
258,Jessica,Hansen,jhansen75@themeforest.net,Female
259,Carl,Hanson,chanson76@irs.gov,Male
260,Pamela,Fuller,pfuller77@google.com.hk,Female
261,Terry,Price,tprice78@furl.net,Male
262,Shirley,Carpenter,scarpenter79@vk.com,Female
263,Laura,Graham,lgraham7a@wordpress.com,Female
264,Andrea,Olson,aolson7b@godaddy.com,Female
265,Andrew,Sullivan,asullivan7c@spotify.com,Male
266,Albert,Henderson,ahenderson7d@rediff.com,Male
267,Jeremy,Carpenter,jcarpenter7e@sciencedaily.com,Male
268,Carol,Thomas,cthomas7f@vkontakte.ru,Female
269,Kelly,Grant,kgrant7g@delicious.com,Female
270,Jessica,Hansen,jhansen7h@goo.ne.jp,Female
271,Jason,West,jwest7i@ycombinator.com,Male
272,Norma,Davis,ndavis7j@discuz.net,Female
273,Jacqueline,Ramos,jramos7k@zimbio.com,Female
274,Harold,Harvey,hharvey7l@google.ca,Male
275,Kimberly,Powell,kpowell7m@biglobe.ne.jp,Female
276,Cynthia,Roberts,croberts7n@so-net.ne.jp,Female
277,Joseph,Gray,jgray7o@wisc.edu,Male
278,Kelly,Meyer,kmeyer7p@cmu.edu,Female
279,Anna,Fuller,afuller7q@wikia.com,Female
280,Rachel,Mcdonald,rmcdonald7r@xinhuanet.com,Female
281,Chris,Harris,charris7s@marketwatch.com,Male
282,Joshua,Hill,jhill7t@java.com,Male
283,Phyllis,Cook,pcook7u@wp.com,Female
284,Earl,Russell,erussell7v@ask.com,Male
285,Carol,Mendoza,cmendoza7w@yelp.com,Female
286,Billy,Jones,bjones7x@hp.com,Male
287,Kathy,Jones,kjones7y@vistaprint.com,Female
288,Deborah,Ortiz,dortiz7z@mail.ru,Female
289,Melissa,Stewart,mstewart80@accuweather.com,Female
290,Kathy,Wallace,kwallace81@huffingtonpost.com,Female
291,Raymond,Olson,rolson82@walmart.com,Male
292,Ruby,Grant,rgrant83@seattletimes.com,Female
293,Robert,James,rjames84@squidoo.com,Male
294,Kathy,Burton,kburton85@bbb.org,Female
295,George,Kelly,gkelly86@earthlink.net,Male
296,Edward,Romero,eromero87@google.nl,Male
297,Julia,Carpenter,jcarpenter88@nyu.edu,Female
298,Brandon,Wells,bwells89@cpanel.net,Male
299,Phyllis,Cox,pcox8a@youku.com,Female
300,Kelly,Davis,kdavis8b@umn.edu,Female
301,Albert,Hansen,ahansen8c@berkeley.edu,Male
302,Carlos,Garrett,cgarrett8d@skyrock.com,Male
303,Stephen,White,swhite8e@chronoengine.com,Male
304,Frank,Scott,fscott8f@foxnews.com,Male
305,Tina,Cooper,tcooper8g@netvibes.com,Female
306,Philip,Foster,pfoster8h@people.com.cn,Male
307,Christina,Gonzales,cgonzales8i@indiatimes.com,Female
308,Debra,Wilson,dwilson8j@over-blog.com,Female
309,George,Cox,gcox8k@google.ru,Male
310,Brenda,Black,bblack8l@ask.com,Female
311,Elizabeth,Smith,esmith8m@bbc.co.uk,Female
312,Sarah,Baker,sbaker8n@dell.com,Female
313,Philip,Mendoza,pmendoza8o@youtube.com,Male
314,Christopher,Moreno,cmoreno8p@dion.ne.jp,Male
315,Arthur,Bennett,abennett8q@fda.gov,Male
316,Walter,Morris,wmorris8r@google.com.au,Male
317,Maria,Lynch,mlynch8s@ucla.edu,Female
318,Nicholas,Rice,nrice8t@dropbox.com,Male
319,Bruce,Mitchell,bmitchell8u@youtu.be,Male
320,Judy,Matthews,jmatthews8v@facebook.com,Female
321,Anna,Butler,abutler8w@a8.net,Female
322,Johnny,Armstrong,jarmstrong8x@pinterest.com,Male
323,Roy,Elliott,relliott8y@fema.gov,Male
324,Margaret,Olson,molson8z@cnet.com,Female
325,Lillian,Hill,lhill90@sphinn.com,Female
326,Albert,Little,alittle91@phpbb.com,Male
327,Louise,Porter,lporter92@telegraph.co.uk,Female
328,Marilyn,Larson,mlarson93@tumblr.com,Female
329,Christopher,Torres,ctorres94@jalbum.net,Male
330,Jack,Hanson,jhanson95@mit.edu,Male
331,Carl,Russell,crussell96@omniture.com,Male
332,Pamela,Perry,pperry97@jigsy.com,Female
333,Catherine,Phillips,cphillips98@guardian.co.uk,Female
334,Martha,Olson,molson99@time.com,Female
335,Jesse,Lawson,jlawson9a@nifty.com,Male
336,Sara,Moreno,smoreno9b@baidu.com,Female
337,Sharon,Moreno,smoreno9c@rakuten.co.jp,Female
338,Nicole,Brooks,nbrooks9d@bbb.org,Female
339,Virginia,Clark,vclark9e@businessinsider.com,Female
340,Sara,Carr,scarr9f@cbsnews.com,Female
341,Aaron,Gutierrez,agutierrez9g@whitehouse.gov,Male
342,Dennis,Walker,dwalker9h@tripadvisor.com,Male
343,Craig,King,cking9i@hp.com,Male
344,Gloria,Mitchell,gmitchell9j@vinaora.com,Female
345,Juan,Robertson,jrobertson9k@ucoz.ru,Male
346,Stephen,Baker,sbaker9l@de.vu,Male
347,Norma,Alexander,nalexander9m@cpanel.net,Female
348,Doris,Chapman,dchapman9n@sogou.com,Female
349,Donna,Ferguson,dferguson9o@timesonline.co.uk,Female
350,Patrick,Welch,pwelch9p@hubpages.com,Male
351,Kathryn,Woods,kwoods9q@blogs.com,Female
352,Eugene,Ray,eray9r@discuz.net,Male
353,Daniel,Lee,dlee9s@nasa.gov,Male
354,Christina,Price,cprice9t@edublogs.org,Female
355,Matthew,Johnston,mjohnston9u@delicious.com,Male
356,Joyce,Franklin,jfranklin9v@adobe.com,Female
357,Raymond,Stevens,rstevens9w@un.org,Male
358,Nicholas,Moreno,nmoreno9x@vimeo.com,Male
359,Julie,Schmidt,jschmidt9y@craigslist.org,Female
360,Brenda,Carter,bcarter9z@imageshack.us,Female
361,Frances,Hamilton,fhamiltona0@harvard.edu,Female
362,Douglas,Mills,dmillsa1@comcast.net,Male
363,Paula,Mcdonald,pmcdonalda2@lycos.com,Female
364,Alan,Chapman,achapmana3@qq.com,Male
365,Teresa,Richards,trichardsa4@mit.edu,Female
366,Louise,Roberts,lrobertsa5@cdbaby.com,Female
367,Diana,Duncan,dduncana6@about.me,Female
368,Raymond,Fernandez,rfernandeza7@posterous.com,Male
369,Lori,Sims,lsimsa8@microsoft.com,Female
370,Christine,Kennedy,ckennedya9@apache.org,Female
371,Teresa,Armstrong,tarmstrongaa@delicious.com,Female
372,Stephanie,Boyd,sboydab@studiopress.com,Female
373,Craig,Stephens,cstephensac@nifty.com,Male
374,Jane,Murphy,jmurphyad@wsj.com,Female
375,George,Gray,ggrayae@paypal.com,Male
376,Lillian,Patterson,lpattersonaf@clickbank.net,Female
377,Carl,Hunt,chuntag@netscape.com,Male
378,Samuel,Mason,smasonah@csmonitor.com,Male
379,Elizabeth,Larson,elarsonai@yellowbook.com,Female
380,Dennis,Morris,dmorrisaj@hibu.com,Male
381,Tammy,Nguyen,tnguyenak@archive.org,Female
382,Gerald,Marshall,gmarshallal@t.co,Male
383,Wanda,Hawkins,whawkinsam@theglobeandmail.com,Female
384,Rachel,Stone,rstonean@youtube.com,Female
385,Billy,Cox,bcoxao@theatlantic.com,Male
386,Lillian,Cruz,lcruzap@odnoklassniki.ru,Female
387,Diane,Robertson,drobertsonaq@prweb.com,Female
388,Jimmy,Howell,jhowellar@noaa.gov,Male
389,Paul,Gibson,pgibsonas@yahoo.com,Male
390,James,Graham,jgrahamat@hostgator.com,Male
391,Catherine,Williamson,cwilliamsonau@sina.com.cn,Female
392,Nancy,Berry,nberryav@wufoo.com,Female
393,Laura,Murray,lmurrayaw@theatlantic.com,Female
394,Phyllis,Fuller,pfullerax@joomla.org,Female
395,Denise,Lopez,dlopezay@surveymonkey.com,Female
396,Billy,Bowman,bbowmanaz@businesswire.com,Male
397,Anthony,Wallace,awallaceb0@purevolume.com,Male
398,Keith,Armstrong,karmstrongb1@microsoft.com,Male
399,Richard,Miller,rmillerb2@harvard.edu,Male
400,Gary,Adams,gadamsb3@ezinearticles.com,Male
401,Tina,Torres,ttorresb4@prnewswire.com,Female
402,Donna,Williamson,dwilliamsonb5@1688.com,Female
403,Justin,Kelly,jkellyb6@slideshare.net,Male
404,Jimmy,Turner,jturnerb7@tripod.com,Male
405,Amanda,Pierce,apierceb8@sun.com,Female
406,Sandra,Simmons,ssimmonsb9@cdbaby.com,Female
407,Judith,Brown,jbrownba@sina.com.cn,Female
408,Sara,Ramos,sramosbb@toplist.cz,Female
409,Justin,Alvarez,jalvarezbc@theguardian.com,Male
410,Marilyn,Martinez,mmartinezbd@epa.gov,Female
411,Diane,Hughes,dhughesbe@mediafire.com,Female
412,Julie,Rogers,jrogersbf@globo.com,Female
413,Doris,Brown,dbrownbg@constantcontact.com,Female
414,Doris,Hanson,dhansonbh@theglobeandmail.com,Female
415,Doris,Burton,dburtonbi@canalblog.com,Female
416,Katherine,Lynch,klynchbj@fc2.com,Female
417,Robin,Berry,rberrybk@cnbc.com,Female
418,Ralph,Stewart,rstewartbl@xing.com,Male
419,Lois,Gordon,lgordonbm@discuz.net,Female
420,Carol,Carroll,ccarrollbn@google.co.uk,Female
421,Harry,Peters,hpetersbo@wikimedia.org,Male
422,Eric,Washington,ewashingtonbp@fc2.com,Male
423,Stephanie,Peterson,spetersonbq@ezinearticles.com,Female
424,Todd,Thompson,tthompsonbr@123-reg.co.uk,Male
425,Diane,Reed,dreedbs@time.com,Female
426,Pamela,Thompson,pthompsonbt@nyu.edu,Female
427,Jennifer,Kennedy,jkennedybu@ifeng.com,Female
428,Nicholas,Kelley,nkelleybv@ow.ly,Male
429,Richard,Patterson,rpattersonbw@businessinsider.com,Male
430,Douglas,Williamson,dwilliamsonbx@mit.edu,Male
431,Karen,Fisher,kfisherby@cargocollective.com,Female
432,Joan,Martinez,jmartinezbz@salon.com,Female
433,Sean,Mason,smasonc0@usnews.com,Male
434,Norma,Burton,nburtonc1@smh.com.au,Female
435,Virginia,Robertson,vrobertsonc2@cafepress.com,Female
436,Earl,Morgan,emorganc3@youtube.com,Male
437,Margaret,Wallace,mwallacec4@51.la,Female
438,Martha,Banks,mbanksc5@ocn.ne.jp,Female
439,Kenneth,Wood,kwoodc6@pagesperso-orange.fr,Male
440,Andrea,Allen,aallenc7@moonfruit.com,Female
441,Phillip,Jordan,pjordanc8@amazonaws.com,Male
442,Laura,Carter,lcarterc9@sogou.com,Female
443,Dorothy,Washington,dwashingtonca@washington.edu,Female
444,Nicole,Hayes,nhayescb@homestead.com,Female
445,Clarence,Wells,cwellscc@google.es,Male
446,Fred,Black,fblackcd@wordpress.com,Male
447,Craig,Williamson,cwilliamsonce@goodreads.com,Male
448,Steven,Olson,solsoncf@amazon.com,Male
449,Lillian,Simpson,lsimpsoncg@google.com.br,Female
450,Jesse,Campbell,jcampbellch@mashable.com,Male
451,Christopher,Fernandez,cfernandezci@mlb.com,Male
452,Evelyn,Lewis,elewiscj@ucsd.edu,Female
453,Anna,Chapman,achapmanck@foxnews.com,Female
454,Shawn,Collins,scollinscl@google.com.hk,Male
455,Raymond,Daniels,rdanielscm@huffingtonpost.com,Male
456,Bobby,Price,bpricecn@printfriendly.com,Male
457,Doris,Wells,dwellsco@stanford.edu,Female
458,James,Perez,jperezcp@scientificamerican.com,Male
459,Wanda,Perkins,wperkinscq@google.com.hk,Female
460,Tammy,Gilbert,tgilbertcr@bravesites.com,Female
461,Michael,Payne,mpaynecs@symantec.com,Male
462,Kathy,Hanson,khansonct@yellowpages.com,Female
463,Daniel,Webb,dwebbcu@adobe.com,Male
464,Christine,Gilbert,cgilbertcv@list-manage.com,Female
465,Victor,Clark,vclarkcw@godaddy.com,Male
466,Ralph,Cook,rcookcx@skyrock.com,Male
467,Steven,Crawford,scrawfordcy@wufoo.com,Male
468,Kelly,Hill,khillcz@rakuten.co.jp,Female
469,Walter,Long,wlongd0@alexa.com,Male
470,Louise,Henry,lhenryd1@freewebs.com,Female
471,Timothy,Garrett,tgarrettd2@ifeng.com,Male
472,Eric,Lane,elaned3@smh.com.au,Male
473,Julia,Perez,jperezd4@fc2.com,Female
474,Joyce,Schmidt,jschmidtd5@amazon.co.uk,Female
475,Robin,Sanchez,rsanchezd6@uiuc.edu,Female
476,Theresa,Reynolds,treynoldsd7@un.org,Female
477,Clarence,Thomas,cthomasd8@printfriendly.com,Male
478,Earl,Ramos,eramosd9@cdbaby.com,Male
479,Randy,Gutierrez,rgutierrezda@list-manage.com,Male
480,Joseph,Foster,jfosterdb@ezinearticles.com,Male
481,Laura,Williams,lwilliamsdc@intel.com,Female
482,Christine,Harrison,charrisondd@webnode.com,Female
483,Sandra,Gibson,sgibsonde@netscape.com,Female
484,Randy,Edwards,redwardsdf@csmonitor.com,Male
485,Roger,Gilbert,rgilbertdg@ning.com,Male
486,Benjamin,Morgan,bmorgandh@slideshare.net,Male
487,Benjamin,Bailey,bbaileydi@google.nl,Male
488,Andrew,Hayes,ahayesdj@cafepress.com,Male
489,Henry,Long,hlongdk@whitehouse.gov,Male
490,Bruce,Watson,bwatsondl@addtoany.com,Male
491,Betty,Moore,bmooredm@ca.gov,Female
492,Laura,Fields,lfieldsdn@t.co,Female
493,Robin,Bell,rbelldo@oracle.com,Female
494,Fred,Kennedy,fkennedydp@rakuten.co.jp,Male
495,Diana,Black,dblackdq@blogs.com,Female
496,Brandon,Turner,bturnerdr@free.fr,Male
497,Dorothy,Mason,dmasonds@nymag.com,Female
498,Bobby,Gutierrez,bgutierrezdt@ycombinator.com,Male
499,Denise,Perry,dperrydu@theguardian.com,Female
500,Terry,Perry,tperrydv@yale.edu,Male
501,Carlos,Cruz,ccruzdw@vkontakte.ru,Male
502,Mildred,Ray,mraydx@economist.com,Female
503,Phyllis,Gibson,pgibsondy@cbsnews.com,Female
504,Christopher,Coleman,ccolemandz@cdbaby.com,Male
505,Michael,Shaw,mshawe0@google.es,Male
506,Jacqueline,Carter,jcartere1@fastcompany.com,Female
507,Chris,Stone,cstonee2@mysql.com,Male
508,Sarah,Clark,sclarke3@storify.com,Female
509,Bobby,Little,blittlee4@nih.gov,Male
510,Catherine,Mendoza,cmendozae5@macromedia.com,Female
511,Willie,Flores,wflorese6@prweb.com,Male
512,Annie,Hudson,ahudsone7@chicagotribune.com,Female
513,Emily,Hernandez,ehernandeze8@unblog.fr,Female
514,Irene,Miller,imillere9@rambler.ru,Female
515,James,Kennedy,jkennedyea@earthlink.net,Male
516,Jimmy,Hernandez,jhernandezeb@wordpress.com,Male
517,Annie,Vasquez,avasquezec@trellian.com,Female
518,Virginia,Sims,vsimsed@over-blog.com,Female
519,Ruth,Larson,rlarsonee@zdnet.com,Female
520,Harry,Day,hdayef@123-reg.co.uk,Male
521,Debra,Wells,dwellseg@miitbeian.gov.cn,Female
522,Ashley,Knight,aknighteh@i2i.jp,Female
523,Eric,Johnston,ejohnstonei@reddit.com,Male
524,Gregory,Stone,gstoneej@weather.com,Male
525,Aaron,Martin,amartinek@ed.gov,Male
526,Bobby,Ramos,bramosel@sohu.com,Male
527,Jeffrey,Stephens,jstephensem@independent.co.uk,Male
528,Douglas,Nelson,dnelsonen@trellian.com,Male
529,Sarah,Hayes,shayeseo@mlb.com,Female
530,Juan,Foster,jfosterep@google.fr,Male
531,Lawrence,Wood,lwoodeq@jalbum.net,Male
532,Fred,Armstrong,farmstronger@jiathis.com,Male
533,Judy,Peters,jpeterses@columbia.edu,Female
534,Carlos,Ruiz,cruizet@mapy.cz,Male
535,Kathleen,Fernandez,kfernandezeu@marketwatch.com,Female
536,Betty,Riley,brileyev@mashable.com,Female
537,Bruce,Berry,bberryew@elpais.com,Male
538,William,Watson,wwatsonex@weather.com,Male
539,George,Lewis,glewisey@hubpages.com,Male
540,Mark,Chavez,mchavezez@springer.com,Male
541,Lillian,Andrews,landrewsf0@harvard.edu,Female
542,Charles,Carpenter,ccarpenterf1@sogou.com,Male
543,Adam,Young,ayoungf2@rediff.com,Male
544,Jonathan,Scott,jscottf3@china.com.cn,Male
545,Gary,Rice,gricef4@so-net.ne.jp,Male
546,Eric,Brown,ebrownf5@gmpg.org,Male
547,Jonathan,Wilson,jwilsonf6@usa.gov,Male
548,Anne,Burton,aburtonf7@mozilla.com,Female
549,Elizabeth,Lawrence,elawrencef8@google.com.au,Female
550,Jacqueline,Kim,jkimf9@comcast.net,Female
551,Kathy,Myers,kmyersfa@usa.gov,Female
552,Tammy,Hunter,thunterfb@w3.org,Female
553,Jeffrey,Johnston,jjohnstonfc@alibaba.com,Male
554,Andrew,Stanley,astanleyfd@sohu.com,Male
555,Stephen,Hunter,shunterfe@time.com,Male
556,Maria,Cole,mcoleff@indiegogo.com,Female
557,Pamela,Daniels,pdanielsfg@wp.com,Female
558,Sandra,Lewis,slewisfh@pen.io,Female
559,Juan,Stanley,jstanleyfi@slate.com,Male
560,Kathleen,Fox,kfoxfj@bravesites.com,Female
561,Patrick,Bowman,pbowmanfk@economist.com,Male
562,Victor,Myers,vmyersfl@google.de,Male
563,Doris,Ryan,dryanfm@census.gov,Female
564,Susan,Chavez,schavezfn@netvibes.com,Female
565,Patricia,Weaver,pweaverfo@geocities.jp,Female
566,Norma,Dunn,ndunnfp@boston.com,Female
567,Jessica,Garcia,jgarciafq@ca.gov,Female
568,Theresa,Welch,twelchfr@moonfruit.com,Female
569,Debra,Hall,dhallfs@va.gov,Female
570,Elizabeth,Perry,eperryft@umn.edu,Female
571,Tammy,Welch,twelchfu@spotify.com,Female
572,Frank,Greene,fgreenefv@cnbc.com,Male
573,Robert,Stewart,rstewartfw@list-manage.com,Male
574,Timothy,Cunningham,tcunninghamfx@barnesandnoble.com,Male
575,Christopher,Larson,clarsonfy@apple.com,Male
576,Christopher,Foster,cfosterfz@howstuffworks.com,Male
577,Keith,Scott,kscottg0@amazon.de,Male
578,Doris,Banks,dbanksg1@auda.org.au,Female
579,Anne,Cole,acoleg2@ocn.ne.jp,Female
580,Scott,Mills,smillsg3@addthis.com,Male
581,Debra,Nichols,dnicholsg4@vistaprint.com,Female
582,Jesse,Weaver,jweaverg5@homestead.com,Male
583,John,Sanchez,jsanchezg6@washingtonpost.com,Male
584,Kevin,Gutierrez,kgutierrezg7@squidoo.com,Male
585,Ryan,Ray,rrayg8@moonfruit.com,Male
586,Andrew,Grant,agrantg9@tripod.com,Male
587,Carol,Carroll,ccarrollga@timesonline.co.uk,Female
588,Antonio,Barnes,abarnesgb@imgur.com,Male
589,Diana,Carr,dcarrgc@themeforest.net,Female
590,Theresa,Powell,tpowellgd@github.io,Female
591,Larry,Walker,lwalkerge@google.co.jp,Male
592,Carl,Brown,cbrowngf@nbcnews.com,Male
593,Martin,Carroll,mcarrollgg@dyndns.org,Male
594,Ralph,Lawson,rlawsongh@vinaora.com,Male
595,Jeremy,Ray,jraygi@reuters.com,Male
596,Howard,Banks,hbanksgj@ca.gov,Male
597,Kenneth,Morris,kmorrisgk@ted.com,Male
598,Todd,Larson,tlarsongl@weebly.com,Male
599,Patricia,Stewart,pstewartgm@opensource.org,Female
600,Kelly,Richards,krichardsgn@toplist.cz,Female
601,Christine,Harper,charpergo@hatena.ne.jp,Female
602,Edward,Baker,ebakergp@uol.com.br,Male
603,Donna,Perry,dperrygq@blogtalkradio.com,Female
604,Jane,Warren,jwarrengr@ameblo.jp,Female
605,Samuel,Rose,srosegs@economist.com,Male
606,Jeremy,King,jkinggt@prweb.com,Male
607,Catherine,Tucker,ctuckergu@blogs.com,Female
608,James,Boyd,jboydgv@uiuc.edu,Male
609,Henry,Perkins,hperkinsgw@163.com,Male
610,Rose,Holmes,rholmesgx@yale.edu,Female
611,Roger,Schmidt,rschmidtgy@list-manage.com,Male
612,Bruce,Carter,bcartergz@rediff.com,Male
613,Lillian,Flores,lfloresh0@devhub.com,Female
614,Debra,Willis,dwillish1@blogger.com,Female
615,Helen,Fernandez,hfernandezh2@addtoany.com,Female
616,Walter,Alexander,walexanderh3@chicagotribune.com,Male
617,Shawn,Hudson,shudsonh4@rakuten.co.jp,Male
618,Rose,Webb,rwebbh5@soundcloud.com,Female
619,Mary,Jordan,mjordanh6@theglobeandmail.com,Female
620,Jacqueline,Spencer,jspencerh7@cnn.com,Female
621,William,Wagner,wwagnerh8@businesswire.com,Male
622,Arthur,Gardner,agardnerh9@imgur.com,Male
623,Diana,Hughes,dhughesha@gravatar.com,Female
624,Antonio,Howell,ahowellhb@ucoz.com,Male
625,Douglas,Wells,dwellshc@infoseek.co.jp,Male
626,Katherine,Ellis,kellishd@nationalgeographic.com,Female
627,Benjamin,Carr,bcarrhe@goodreads.com,Male
628,Christopher,Garza,cgarzahf@nba.com,Male
629,Heather,Palmer,hpalmerhg@cmu.edu,Female
630,Doris,Ryan,dryanhh@reuters.com,Female
631,Deborah,Nichols,dnicholshi@issuu.com,Female
632,Jack,Schmidt,jschmidthj@deliciousdays.com,Male
633,Martha,Alexander,malexanderhk@nymag.com,Female
634,Julia,Wood,jwoodhl@github.io,Female
635,John,Cruz,jcruzhm@booking.com,Male
636,Walter,Wilson,wwilsonhn@biblegateway.com,Male
637,Jean,Wood,jwoodho@msn.com,Female
638,Frank,Harvey,fharveyhp@ebay.co.uk,Male
639,Roger,Wheeler,rwheelerhq@multiply.com,Male
640,Robin,Carter,rcarterhr@weather.com,Female
641,Gary,Hill,ghillhs@army.mil,Male
642,Lawrence,Moore,lmooreht@t.co,Male
643,Irene,Reynolds,ireynoldshu@disqus.com,Female
644,Timothy,Brooks,tbrookshv@bizjournals.com,Male
645,Harry,Jackson,hjacksonhw@cloudflare.com,Male
646,Daniel,Ellis,dellishx@thetimes.co.uk,Male
647,Wanda,Patterson,wpattersonhy@arstechnica.com,Female
648,Kimberly,Sanchez,ksanchezhz@elpais.com,Female
649,Bonnie,Snyder,bsnyderi0@artisteer.com,Female
650,Albert,Hanson,ahansoni1@thetimes.co.uk,Male
651,Joshua,Rice,jricei2@army.mil,Male
652,Bobby,Porter,bporteri3@github.com,Male
653,Adam,Franklin,afranklini4@who.int,Male
654,Adam,King,akingi5@dailymail.co.uk,Male
655,Beverly,Willis,bwillisi6@japanpost.jp,Female
656,Marilyn,Nelson,mnelsoni7@intel.com,Female
657,Jessica,Perkins,jperkinsi8@loc.gov,Female
658,Antonio,Gomez,agomezi9@wp.com,Male
659,Donald,Wells,dwellsia@aol.com,Male
660,Victor,Mccoy,vmccoyib@nasa.gov,Male
661,Mildred,Walker,mwalkeric@intel.com,Female
662,Annie,Berry,aberryid@digg.com,Female
663,Gloria,James,gjamesie@ibm.com,Female
664,Katherine,Fox,kfoxif@usda.gov,Female
665,Johnny,Chavez,jchavezig@vkontakte.ru,Male
666,Brenda,Cooper,bcooperih@51.la,Female
667,Cynthia,Ramos,cramosii@weather.com,Female
668,Elizabeth,Duncan,eduncanij@paginegialle.it,Female
669,Kathryn,Thompson,kthompsonik@fastcompany.com,Female
670,Margaret,Burton,mburtonil@tripadvisor.com,Female
671,Thomas,Gutierrez,tgutierrezim@hatena.ne.jp,Male
672,Earl,Sanders,esandersin@g.co,Male
673,Diana,Porter,dporterio@nih.gov,Female
674,Ryan,Fuller,rfullerip@pagesperso-orange.fr,Male
675,George,Taylor,gtayloriq@indiegogo.com,Male
676,David,Crawford,dcrawfordir@jigsy.com,Male
677,Robert,Duncan,rduncanis@weather.com,Male
678,Diana,Garza,dgarzait@ameblo.jp,Female
679,Judy,Morales,jmoralesiu@cam.ac.uk,Female
680,Laura,Oliver,loliveriv@dyndns.org,Female
681,Stephanie,Scott,sscottiw@va.gov,Female
682,Jacqueline,Freeman,jfreemanix@sbwire.com,Female
683,Andrea,Peterson,apetersoniy@wisc.edu,Female
684,Paul,Jordan,pjordaniz@spotify.com,Male
685,Steven,Garza,sgarzaj0@cafepress.com,Male
686,Frances,Mitchell,fmitchellj1@hp.com,Female
687,Justin,Stone,jstonej2@blogger.com,Male
688,Kimberly,Murray,kmurrayj3@time.com,Female
689,Raymond,Coleman,rcolemanj4@dagondesign.com,Male
690,Lori,West,lwestj5@imgur.com,Female
691,Charles,Palmer,cpalmerj6@google.ca,Male
692,Marilyn,Elliott,melliottj7@elpais.com,Female
693,Nicole,Alexander,nalexanderj8@bloomberg.com,Female
694,Donald,Palmer,dpalmerj9@exblog.jp,Male
695,Tammy,Burke,tburkeja@ca.gov,Female
696,Philip,Oliver,poliverjb@storify.com,Male
697,Stephen,Riley,srileyjc@mit.edu,Male
698,Brian,Stewart,bstewartjd@histats.com,Male
699,Dorothy,Lane,dlaneje@nyu.edu,Female
700,Daniel,Allen,dallenjf@cpanel.net,Male
701,Robert,Mitchell,rmitchelljg@opensource.org,Male
702,Earl,Fields,efieldsjh@umich.edu,Male
703,Benjamin,Cruz,bcruzji@webs.com,Male
704,Daniel,Romero,dromerojj@europa.eu,Male
705,Frances,Harper,fharperjk@ifeng.com,Female
706,Anne,Peters,apetersjl@mlb.com,Female
707,Martin,Gardner,mgardnerjm@alibaba.com,Male
708,Anna,Freeman,afreemanjn@gmpg.org,Female
709,Michael,Rogers,mrogersjo@digg.com,Male
710,Joyce,Wheeler,jwheelerjp@chron.com,Female
711,Robin,Turner,rturnerjq@phoca.cz,Female
712,Gloria,Gonzales,ggonzalesjr@csmonitor.com,Female
713,Doris,Romero,dromerojs@usda.gov,Female
714,Alice,Jenkins,ajenkinsjt@harvard.edu,Female
715,Harold,Martin,hmartinju@alexa.com,Male
716,Ralph,Day,rdayjv@seattletimes.com,Male
717,Joshua,Cooper,jcooperjw@nydailynews.com,Male
718,Melissa,Romero,mromerojx@loc.gov,Female
719,Steve,Morris,smorrisjy@indiegogo.com,Male
720,Johnny,Oliver,joliverjz@bing.com,Male
721,Sarah,Hart,shartk0@npr.org,Female
722,Robin,Cooper,rcooperk1@gov.uk,Female
723,Terry,Garrett,tgarrettk2@samsung.com,Male
724,Charles,Burns,cburnsk3@unc.edu,Male
725,Ruth,Lewis,rlewisk4@oaic.gov.au,Female
726,Victor,Smith,vsmithk5@wikimedia.org,Male
727,Teresa,Mitchell,tmitchellk6@china.com.cn,Female
728,Anthony,Hall,ahallk7@wordpress.org,Male
729,Joyce,Roberts,jrobertsk8@people.com.cn,Female
730,Russell,Hall,rhallk9@cbslocal.com,Male
731,Annie,Ryan,aryanka@moonfruit.com,Female
732,Stephanie,Gonzales,sgonzaleskb@fda.gov,Female
733,David,Patterson,dpattersonkc@stanford.edu,Male
734,Andrea,George,ageorgekd@bloomberg.com,Female
735,Robin,Sanchez,rsanchezke@google.com.au,Female
736,Victor,Reed,vreedkf@linkedin.com,Male
737,Raymond,Burton,rburtonkg@ibm.com,Male
738,Annie,Day,adaykh@qq.com,Female
739,Antonio,Murphy,amurphyki@bravesites.com,Male
740,Craig,Ross,crosskj@pen.io,Male
741,Karen,Reid,kreidkk@timesonline.co.uk,Female
742,Tammy,Graham,tgrahamkl@google.it,Female
743,Marilyn,Phillips,mphillipskm@w3.org,Female
744,Raymond,Stone,rstonekn@scientificamerican.com,Male
745,Joe,Roberts,jrobertsko@microsoft.com,Male
746,Norma,Cole,ncolekp@yelp.com,Female
747,Helen,Nelson,hnelsonkq@nydailynews.com,Female
748,Emily,Riley,erileykr@arizona.edu,Female
749,Juan,Watkins,jwatkinsks@homestead.com,Male
750,Bonnie,Thompson,bthompsonkt@qq.com,Female
751,Frank,Bowman,fbowmanku@oakley.com,Male
752,Lois,Willis,lwilliskv@geocities.jp,Female
753,Bruce,Elliott,belliottkw@addthis.com,Male
754,Ronald,Morgan,rmorgankx@surveymonkey.com,Male
755,Kimberly,Greene,kgreeneky@alibaba.com,Female
756,Martha,Olson,molsonkz@goo.ne.jp,Female
757,Tina,Freeman,tfreemanl0@dyndns.org,Female
758,Edward,Gutierrez,egutierrezl1@yelp.com,Male
759,Julie,Scott,jscottl2@nature.com,Female
760,Kelly,Greene,kgreenel3@wordpress.com,Female
761,Theresa,Little,tlittlel4@paypal.com,Female
762,Todd,West,twestl5@360.cn,Male
763,Nicole,Mills,nmillsl6@paypal.com,Female
764,Philip,Austin,paustinl7@bizjournals.com,Male
765,Steve,Henry,shenryl8@bbc.co.uk,Male
766,Howard,Smith,hsmithl9@nytimes.com,Male
767,Ryan,Thompson,rthompsonla@purevolume.com,Male
768,Chris,Sullivan,csullivanlb@latimes.com,Male
769,Ashley,Grant,agrantlc@ask.com,Female
770,Stephen,Hart,shartld@furl.net,Male
771,Gloria,Rose,grosele@goo.gl,Female
772,Sara,Lane,slanelf@omniture.com,Female
773,Stephanie,Morgan,smorganlg@senate.gov,Female
774,Justin,Jordan,jjordanlh@chron.com,Male
775,Julia,King,jkingli@blinklist.com,Female
776,Angela,Lane,alanelj@goo.ne.jp,Female
777,Jerry,Greene,jgreenelk@dailymotion.com,Male
778,Elizabeth,Reed,ereedll@last.fm,Female
779,Katherine,White,kwhitelm@networksolutions.com,Female
780,Mildred,Henderson,mhendersonln@themeforest.net,Female
781,Janice,Sanchez,jsanchezlo@plala.or.jp,Female
782,Johnny,Clark,jclarklp@fc2.com,Male
783,Kimberly,Simpson,ksimpsonlq@jugem.jp,Female
784,Victor,Chapman,vchapmanlr@ihg.com,Male
785,Cheryl,Johnston,cjohnstonls@aboutads.info,Female
786,Julie,Ford,jfordlt@squarespace.com,Female
787,Joe,Ray,jraylu@last.fm,Male
788,Julia,Riley,jrileylv@moonfruit.com,Female
789,Lillian,Simpson,lsimpsonlw@shop-pro.jp,Female
790,Louis,Frazier,lfrazierlx@mediafire.com,Male
791,Joe,Harrison,jharrisonly@washingtonpost.com,Male
792,Harold,Bishop,hbishoplz@xinhuanet.com,Male
793,Brandon,Fernandez,bfernandezm0@oakley.com,Male
794,Nancy,Burke,nburkem1@ed.gov,Female
795,Keith,Flores,kfloresm2@yelp.com,Male
796,Sara,Fields,sfieldsm3@github.io,Female
797,Alan,Gomez,agomezm4@engadget.com,Male
798,Bobby,Johnson,bjohnsonm5@ow.ly,Male
799,Samuel,Evans,sevansm6@census.gov,Male
800,Antonio,Woods,awoodsm7@hhs.gov,Male
801,Randy,Lopez,rlopezm8@freewebs.com,Male
802,Benjamin,Berry,bberrym9@bigcartel.com,Male
803,Kimberly,Myers,kmyersma@zimbio.com,Female
804,Stephanie,Rogers,srogersmb@sogou.com,Female
805,Willie,Lewis,wlewismc@nhs.uk,Male
806,Martha,Reed,mreedmd@amazon.de,Female
807,Linda,Wood,lwoodme@canalblog.com,Female
808,Cynthia,Willis,cwillismf@pagesperso-orange.fr,Female
809,Rebecca,Rodriguez,rrodriguezmg@ezinearticles.com,Female
810,Jeremy,Williamson,jwilliamsonmh@guardian.co.uk,Male
811,Richard,Dixon,rdixonmi@loc.gov,Male
812,John,Thomas,jthomasmj@ca.gov,Male
813,Janice,Freeman,jfreemanmk@redcross.org,Female
814,Wanda,Hicks,whicksml@dedecms.com,Female
815,Phyllis,Welch,pwelchmm@wikimedia.org,Female
816,Eugene,Henderson,ehendersonmn@squarespace.com,Male
817,Denise,Wells,dwellsmo@jigsy.com,Female
818,Rachel,Morrison,rmorrisonmp@yale.edu,Female
819,Jerry,Cruz,jcruzmq@nasa.gov,Male
820,Carol,Rogers,crogersmr@wisc.edu,Female
821,Russell,Owens,rowensms@moonfruit.com,Male
822,Joshua,Simpson,jsimpsonmt@devhub.com,Male
823,Evelyn,Collins,ecollinsmu@noaa.gov,Female
824,Jerry,Cooper,jcoopermv@macromedia.com,Male
825,Timothy,Woods,twoodsmw@merriam-webster.com,Male
826,Elizabeth,Flores,efloresmx@jugem.jp,Female
827,Aaron,Dunn,adunnmy@hugedomains.com,Male
828,Judith,Stanley,jstanleymz@hhs.gov,Female
829,Angela,Little,alittlen0@diigo.com,Female
830,Kathryn,Murray,kmurrayn1@springer.com,Female
831,Beverly,Vasquez,bvasquezn2@arizona.edu,Female
832,Raymond,Smith,rsmithn3@cam.ac.uk,Male
833,Julie,Schmidt,jschmidtn4@mediafire.com,Female
834,Christina,Henry,chenryn5@discovery.com,Female
835,Joshua,Murray,jmurrayn6@elegantthemes.com,Male
836,Kathy,Cooper,kcoopern7@irs.gov,Female
837,Melissa,Burns,mburnsn8@utexas.edu,Female
838,Wanda,Taylor,wtaylorn9@ucsd.edu,Female
839,Jimmy,Grant,jgrantna@tinyurl.com,Male
840,Rachel,Nichols,rnicholsnb@illinois.edu,Female
841,Martin,Willis,mwillisnc@amazon.de,Male
842,Donald,Rice,dricend@fotki.com,Male
843,Christopher,Grant,cgrantne@1und1.de,Male
844,Harold,Black,hblacknf@go.com,Male
845,Annie,Bell,abellng@census.gov,Female
846,Victor,White,vwhitenh@angelfire.com,Male
847,Gloria,Wagner,gwagnerni@ycombinator.com,Female
848,William,Mills,wmillsnj@imgur.com,Male
849,Joyce,Lewis,jlewisnk@google.cn,Female
850,Sara,Taylor,staylornl@webnode.com,Female
851,Edward,Lawson,elawsonnm@engadget.com,Male
852,Jean,Hudson,jhudsonnn@goodreads.com,Female
853,Sandra,Cox,scoxno@bing.com,Female
854,Bruce,Ramos,bramosnp@omniture.com,Male
855,Ann,Jackson,ajacksonnq@sciencedirect.com,Female
856,Gloria,Welch,gwelchnr@house.gov,Female
857,Julie,King,jkingns@cloudflare.com,Female
858,Lawrence,Fisher,lfishernt@ning.com,Male
859,Arthur,Howard,ahowardnu@pcworld.com,Male
860,Steven,Wallace,swallacenv@meetup.com,Male
861,Keith,Jacobs,kjacobsnw@istockphoto.com,Male
862,Louise,Warren,lwarrennx@theatlantic.com,Female
863,Timothy,Simmons,tsimmonsny@delicious.com,Male
864,Willie,Black,wblacknz@mediafire.com,Male
865,Juan,Jordan,jjordano0@spiegel.de,Male
866,Matthew,Garcia,mgarciao1@t-online.de,Male
867,Brandon,Jacobs,bjacobso2@hostgator.com,Male
868,Sara,Turner,sturnero3@ftc.gov,Female
869,Fred,Thomas,fthomaso4@ehow.com,Male
870,Jacqueline,Sanchez,jsanchezo5@artisteer.com,Female
871,Teresa,Coleman,tcolemano6@dailymail.co.uk,Female
872,Shawn,Ross,srosso7@dropbox.com,Male
873,Virginia,Castillo,vcastilloo8@cloudflare.com,Female
874,Brenda,Garrett,bgarretto9@slate.com,Female
875,Jean,Moreno,jmorenooa@ow.ly,Female
876,Donald,Frazier,dfrazierob@toplist.cz,Male
877,Sharon,Ruiz,sruizoc@icq.com,Female
878,Debra,Baker,dbakerod@domainmarket.com,Female
879,Donald,Johnson,djohnsonoe@omniture.com,Male
880,Sandra,Myers,smyersof@guardian.co.uk,Female
881,Gregory,Morgan,gmorganog@blogtalkradio.com,Male
882,Dorothy,Rogers,drogersoh@tuttocitta.it,Female
883,Gregory,Richards,grichardsoi@techcrunch.com,Male
884,Carolyn,Moore,cmooreoj@fc2.com,Female
885,Mary,Little,mlittleok@wp.com,Female
886,Carlos,Alvarez,calvarezol@oaic.gov.au,Male
887,Nicole,Wagner,nwagnerom@merriam-webster.com,Female
888,Christina,Reynolds,creynoldson@hubpages.com,Female
889,Chris,Fernandez,cfernandezoo@twitpic.com,Male
890,Christina,King,ckingop@census.gov,Female
891,Steve,Burke,sburkeoq@friendfeed.com,Male
892,Russell,Mccoy,rmccoyor@cafepress.com,Male
893,Matthew,Jenkins,mjenkinsos@paypal.com,Male
894,Gerald,Butler,gbutlerot@deviantart.com,Male
895,Lawrence,Morales,lmoralesou@ihg.com,Male
896,Philip,Duncan,pduncanov@bloglovin.com,Male
897,Annie,Baker,abakerow@icq.com,Female
898,David,Stevens,dstevensox@deliciousdays.com,Male
899,Ronald,Garza,rgarzaoy@accuweather.com,Male
900,Maria,Murray,mmurrayoz@last.fm,Female
901,Laura,Little,llittlep0@tuttocitta.it,Female
902,Johnny,Crawford,jcrawfordp1@mit.edu,Male
903,Norma,Phillips,nphillipsp2@wp.com,Female
904,Carolyn,Harvey,charveyp3@desdev.cn,Female
905,Eugene,Jacobs,ejacobsp4@comcast.net,Male
906,Angela,Black,ablackp5@ustream.tv,Female
907,Sarah,Moore,smoorep6@bing.com,Female
908,Lisa,Ryan,lryanp7@fda.gov,Female
909,Christine,Foster,cfosterp8@miibeian.gov.cn,Female
910,Kenneth,Vasquez,kvasquezp9@topsy.com,Male
911,Sean,Burns,sburnspa@altervista.org,Male
912,Brenda,Lawrence,blawrencepb@i2i.jp,Female
913,Dennis,Chapman,dchapmanpc@networkadvertising.org,Male
914,Teresa,Hill,thillpd@furl.net,Female
915,Emily,Richardson,erichardsonpe@home.pl,Female
916,Melissa,Frazier,mfrazierpf@wunderground.com,Female
917,Joseph,Lawrence,jlawrencepg@fastcompany.com,Male
918,Timothy,Powell,tpowellph@google.fr,Male
919,Gregory,Gutierrez,ggutierrezpi@exblog.jp,Male
920,Russell,Dixon,rdixonpj@harvard.edu,Male
921,Roger,Howell,rhowellpk@answers.com,Male
922,Peter,Boyd,pboydpl@constantcontact.com,Male
923,Charles,Porter,cporterpm@symantec.com,Male
924,Walter,Hamilton,whamiltonpn@omniture.com,Male
925,Angela,Dixon,adixonpo@chron.com,Female
926,Roy,Black,rblackpp@xinhuanet.com,Male
927,Jessica,Wright,jwrightpq@people.com.cn,Female
928,Adam,Barnes,abarnespr@parallels.com,Male
929,Kathryn,Tucker,ktuckerps@nymag.com,Female
930,Kathy,Henderson,khendersonpt@uol.com.br,Female
931,Jesse,Anderson,jandersonpu@state.tx.us,Male
932,Kathryn,Wagner,kwagnerpv@so-net.ne.jp,Female
933,Wayne,Rogers,wrogerspw@google.es,Male
934,Johnny,Lopez,jlopezpx@fda.gov,Male
935,Louis,Lee,lleepy@diigo.com,Male
936,Jean,Chavez,jchavezpz@ca.gov,Female
937,Ronald,Perkins,rperkinsq0@youku.com,Male
938,Philip,Mitchell,pmitchellq1@earthlink.net,Male
939,Brenda,Simpson,bsimpsonq2@people.com.cn,Female
940,Frank,Hernandez,fhernandezq3@sbwire.com,Male
941,Howard,Chapman,hchapmanq4@furl.net,Male
942,Daniel,Peterson,dpetersonq5@samsung.com,Male
943,Billy,Williamson,bwilliamsonq6@wikia.com,Male
944,Jimmy,Robinson,jrobinsonq7@reddit.com,Male
945,Russell,Crawford,rcrawfordq8@webs.com,Male
946,Eric,Webb,ewebbq9@indiatimes.com,Male
947,Jack,Morgan,jmorganqa@zdnet.com,Male
948,Walter,Martinez,wmartinezqb@shutterfly.com,Male
949,Margaret,Smith,msmithqc@bandcamp.com,Female
950,Joyce,Arnold,jarnoldqd@cbsnews.com,Female
951,Anne,Cole,acoleqe@nymag.com,Female
952,Jennifer,Bennett,jbennettqf@nps.gov,Female
953,Kathleen,Rivera,kriveraqg@nymag.com,Female
954,Raymond,Long,rlongqh@statcounter.com,Male
955,Jose,Johnson,jjohnsonqi@geocities.com,Male
956,Kimberly,Perry,kperryqj@artisteer.com,Female
957,Steve,Russell,srussellqk@ftc.gov,Male
958,George,Frazier,gfrazierql@illinois.edu,Male
959,Virginia,Cox,vcoxqm@goo.gl,Female
960,Shawn,Mason,smasonqn@fema.gov,Male
961,Brenda,Stephens,bstephensqo@php.net,Female
962,Roy,Bennett,rbennettqp@rediff.com,Male
963,Gregory,Ramos,gramosqq@imageshack.us,Male
964,Lawrence,Gardner,lgardnerqr@cargocollective.com,Male
965,Matthew,Lane,mlaneqs@ihg.com,Male
966,Melissa,Lewis,mlewisqt@ucoz.ru,Female
967,Lawrence,Davis,ldavisqu@hubpages.com,Male
968,Barbara,Sims,bsimsqv@imgur.com,Female
969,Catherine,Hansen,chansenqw@paypal.com,Female
970,Cynthia,Hall,challqx@dropbox.com,Female
971,Todd,Boyd,tboydqy@ucla.edu,Male
972,Lois,Ferguson,lfergusonqz@hubpages.com,Female
973,Dennis,Nichols,dnicholsr0@deliciousdays.com,Male
974,Joshua,Oliver,joliverr1@cdc.gov,Male
975,Margaret,Fernandez,mfernandezr2@flavors.me,Female
976,Sandra,Gutierrez,sgutierrezr3@free.fr,Female
977,Clarence,Gonzales,cgonzalesr4@sfgate.com,Male
978,John,King,jkingr5@fema.gov,Male
979,Thomas,Lawrence,tlawrencer6@wikispaces.com,Male
980,Jean,Vasquez,jvasquezr7@sbwire.com,Female
981,Judith,Morrison,jmorrisonr8@123-reg.co.uk,Female
982,Evelyn,Young,eyoungr9@free.fr,Female
983,Alan,Webb,awebbra@amazon.de,Male
984,Judy,Burton,jburtonrb@google.pl,Female
985,Craig,Armstrong,carmstrongrc@china.com.cn,Male
986,Doris,Wells,dwellsrd@earthlink.net,Female
987,Paul,Medina,pmedinare@google.com.au,Male
988,Ann,Moreno,amorenorf@state.gov,Female
989,Philip,Martin,pmartinrg@t-online.de,Male
990,Sarah,Thomas,sthomasrh@free.fr,Female
991,Roy,Black,rblackri@wordpress.com,Male
992,Russell,Reyes,rreyesrj@gravatar.com,Male
993,Janice,Hart,jhartrk@engadget.com,Female
994,Sharon,Ramirez,sramirezrl@ehow.com,Female
995,Brian,Gonzalez,bgonzalezrm@huffingtonpost.com,Male
996,Lillian,Gonzales,lgonzalesrn@salon.com,Female
997,Gary,Pierce,gpiercero@hhs.gov,Male
998,Irene,Moore,imoorerp@gnu.org,Female
999,Thomas,Allen,tallenrq@oaic.gov.au,Male
1000,Carolyn,Griffin,cgriffinrr@xing.com,Female
